[{"id":"1121","first_name":"Rita","last_name":"Solertan","credit_hrs":"23","gpa_points":"48","major":"CIT"},
{"id":"1398","first_name":"Rivka","last_name":"Alexander","credit_hrs":"41","gpa_points":"103","major":"EET"},
{"id":"1498","first_name":"Ned","last_name":"Ramos","credit_hrs":"28","gpa_points":"100","major":"BUS"},
{"id":"1675","first_name":"Jon","last_name":"Martinez","credit_hrs":"36","gpa_points":"86","major":"WEB"},
{"id":"1686","first_name":"Carl","last_name":"McElan","credit_hrs":"36","gpa_points":"100","major":"WEB"},
{"id":"1842","first_name":"Bob","last_name":"Palla","credit_hrs":"21","gpa_points":"36","major":"CIT"},
{"id":"1870","first_name":"Tilda","last_name":"Downey","credit_hrs":"31","gpa_points":"86","major":"CIT"},
{"id":"2059","first_name":"Mary","last_name":"Proth","credit_hrs":"33","gpa_points":"105","major":"CIT"},
{"id":"2191","first_name":"Zelda","last_name":"Rowe","credit_hrs":"12","gpa_points":"39","major":"BUS"},
{"id":"2268","first_name":"Alice","last_name":"Vonna","credit_hrs":"7","gpa_points":"22","major":"CIT"},
{"id":"2355","first_name":"Manny","last_name":"Alvarez","credit_hrs":"24","gpa_points":"96","major":"CIT"},
{"id":"2453","first_name":"Sally","last_name":"Eldorodo","credit_hrs":"53","gpa_points":"168","major":"CIT"},
{"id":"2467","first_name":"Jena","last_name":"Hardy","credit_hrs":"14","gpa_points":"23","major":"CIT"},
{"id":"2575","first_name":"Donald","last_name":"Bennett","credit_hrs":"27","gpa_points":"78","major":"CIT"},
{"id":"2579","first_name":"Jack","last_name":"Bass","credit_hrs":"37","gpa_points":"98","major":"CIT"},
{"id":"2588","first_name":"Rick","last_name":"Cildaro","credit_hrs":"47","gpa_points":"140","major":"BUS"},
{"id":"2756","first_name":"Dave","last_name":"Bean","credit_hrs":"14","gpa_points":"44","major":"CIT"},
{"id":"3117","first_name":"Jenn","last_name":"Labanda","credit_hrs":"21","gpa_points":"44","major":"EET"},
{"id":"3726","first_name":"Elle","last_name":"Rose","credit_hrs":"34","gpa_points":"113","major":"CIT"},
{"id":"3968","first_name":"Larissa","last_name":"Tolfer","credit_hrs":"19","gpa_points":"37","major":"EET"},
{"id":"3983","first_name":"Jenna","last_name":"Mamiya","credit_hrs":"34","gpa_points":"91","major":"CIT"},
{"id":"4235","first_name":"Jayson","last_name":"Matherson","credit_hrs":"16","gpa_points":"40","major":"CIT"},
{"id":"4982","first_name":"Karl","last_name":"Riccardo","credit_hrs":"24","gpa_points":"45","major":"CIT"},
{"id":"4991","first_name":"Clevon","last_name":"Forrester","credit_hrs":"44","gpa_points":"103","major":"EET"},
{"id":"5435","first_name":"Joyce","last_name":"Harden","credit_hrs":"21","gpa_points":"75","major":"CIT"},
{"id":"5462","first_name":"Moses","last_name":"Fernandez","credit_hrs":"32","gpa_points":"99","major":"WEB"},
{"id":"6084","first_name":"Albert","last_name":"Morris","credit_hrs":"21","gpa_points":"67","major":"CIT"},
{"id":"6241","first_name":"Aaron","last_name":"Lee","credit_hrs":"32","gpa_points":"100","major":"EET"}]
